municipio,n_estab,n_treated,n_control
110002,8,3,5
110004,6,4,2
110007,1,1,0
110009,1,1,0
110011,4,4,0
110012,12,8,4
110015,2,1,1
110018,3,1,2
110020,38,22,16
110025,2,2,0
110028,3,3,0
110029,1,0,1
110030,8,6,2
110033,1,1,0
110110,2,2,0
120020,3,2,1
120034,1,1,0
120040,20,13,7
120050,1,1,0
120060,2,2,0
130185,1,1,0
130190,4,3,1
130250,7,7,0
130260,278,148,130
130270,1,1,0
130340,1,1,0
130353,2,1,1
130406,2,2,0
130420,2,2,0
140010,17,9,8
140020,1,0,1
150010,1,1,0
150050,9,7,2
150060,2,2,0
150080,18,12,6
150130,2,1,1
150140,134,107,27
150150,4,3,1
150170,2,2,0
150178,1,0,1
150180,1,1,0
150210,1,1,0
150220,6,3,3
150240,2,1,1
150270,1,1,0
150293,4,4,0
150304,1,1,0
150309,6,0,6
150340,1,1,0
150360,7,3,4
150375,1,1,0
150380,7,2,5
150420,4,3,1
150442,3,2,1
150470,1,1,0
150497,2,2,0
150530,1,1,0
150543,3,3,0
150550,2,2,0
150553,26,19,7
150613,1,1,0
150616,2,0,2
150680,9,5,4
150700,3,3,0
150730,1,1,0
150795,1,1,0
150808,1,1,0
150810,7,4,3
150812,1,1,0
150840,3,1,2
160027,2,2,0
160030,21,13,8
160040,2,1,1
160053,1,1,0
160060,6,4,2
160070,1,1,0
170040,1,1,0
170070,1,1,0
170100,1,1,0
170110,1,1,0
170200,1,1,0
170210,10,7,3
170220,2,2,0
170230,1,1,0
170240,1,1,0
170255,1,1,0
170310,1,1,0
170320,1,1,0
170380,1,1,0
170384,1,1,0
170550,2,2,0
170555,1,1,0
170610,1,1,0
170700,5,4,1
170720,1,1,0
170770,1,1,0
170820,1,1,0
170930,1,1,0
170950,6,6,0
171050,1,1,0
171190,1,1,0
171200,1,0,1
171250,1,1,0
171270,1,1,0
171320,2,2,0
171360,1,1,0
171420,1,1,0
171488,1,1,0
171500,1,1,0
171525,1,1,0
171575,1,1,0
171610,4,3,1
171620,1,1,0
171650,1,1,0
171660,2,2,0
171670,1,1,0
171720,1,0,1
171780,1,0,1
171790,1,1,0
171820,4,4,0
171840,1,1,0
171875,1,1,0
171886,1,1,0
172065,1,1,0
172080,1,1,0
172090,3,2,1
172100,29,26,3
172110,1,1,0
172120,2,2,0
172210,2,2,0
210005,4,4,0
210030,1,0,1
210100,1,1,0
210120,2,2,0
210140,3,3,0
210160,2,2,0
210170,1,1,0
210232,1,1,0
210255,2,1,1
210280,2,2,0
210300,3,3,0
210320,1,1,0
210325,1,0,1
210330,5,2,3
210340,1,1,0
210350,1,1,0
210360,1,1,0
210380,1,1,0
210410,1,1,0
210467,1,1,0
210480,2,2,0
210500,1,1,0
210520,1,1,0
210530,9,8,1
210540,1,1,0
210542,1,1,0
210570,1,1,0
210680,1,1,0
210735,1,1,0
210750,2,1,1
210770,1,1,0
210820,2,2,0
210860,2,2,0
210900,1,1,0
210910,2,2,0
210960,1,1,0
210990,3,3,0
211060,1,1,0
211070,1,1,0
211110,1,1,0
211120,3,3,0
211130,39,35,4
211150,1,1,0
211160,1,0,1
211180,1,1,0
211220,3,3,0
211250,1,1,0
211260,1,1,0
211280,1,1,0
211300,1,1,0
211400,2,2,0
220010,1,1,0
220020,1,1,0
220025,1,1,0
220030,1,1,0
220040,2,2,0
220050,1,1,0
220060,1,1,0
220070,1,1,0
220080,1,1,0
220090,1,1,0
220100,1,1,0
220110,1,1,0
220115,1,1,0
220120,1,1,0
220130,1,1,0
220140,1,1,0
220150,1,1,0
220170,1,1,0
220180,1,1,0
220190,2,2,0
220198,1,1,0
220200,1,1,0
220205,1,1,0
220210,1,1,0
220220,1,1,0
220225,1,1,0
220240,1,1,0
220250,1,1,0
220260,2,1,1
220270,1,1,0
220280,1,1,0
220290,2,2,0
220300,1,1,0
220310,1,1,0
220320,1,1,0
220330,1,1,0
220340,1,1,0
220342,1,1,0
220350,1,1,0
220360,1,1,0
220370,1,1,0
220390,3,3,0
220400,1,1,0
220410,1,1,0
220420,1,1,0
220430,2,1,1
220440,1,1,0
220450,1,1,0
220460,1,1,0
220470,1,1,0
220480,1,1,0
220490,1,1,0
220500,1,1,0
220510,1,1,0
220520,1,1,0
220525,1,1,0
220540,1,1,0
220550,1,1,0
220560,1,1,0
220570,1,1,0
220580,1,1,0
220590,1,1,0
220600,1,1,0
220610,1,1,0
220620,1,1,0
220640,1,1,0
220650,1,1,0
220660,1,1,0
220670,1,1,0
220680,1,1,0
220690,1,1,0
220700,2,2,0
220720,1,1,0
220730,1,1,0
220750,2,2,0
220760,1,1,0
220770,8,8,0
220775,1,1,0
220780,1,1,0
220800,13,9,4
220820,1,1,0
220830,2,2,0
220840,2,2,0
220850,1,1,0
220860,1,1,0
220890,1,1,0
220900,1,1,0
220910,1,1,0
220920,1,1,0
220930,1,1,0
220937,1,1,0
220940,1,1,0
220950,1,1,0
220960,1,1,0
220970,1,1,0
220980,1,1,0
220985,1,1,0
220990,1,1,0
221000,1,1,0
221010,1,1,0
221020,1,1,0
221030,1,1,0
221040,1,1,0
221050,1,1,0
221060,2,2,0
221070,1,1,0
221080,1,1,0
221090,1,1,0
221100,55,31,24
221110,3,3,0
221120,3,3,0
221130,1,1,0
221140,1,1,0
230020,1,1,0
230030,1,1,0
230100,2,0,2
230110,2,2,0
230190,5,5,0
230210,1,1,0
230250,1,1,0
230260,2,2,0
230280,1,1,0
230350,1,1,0
230370,6,6,0
230410,2,2,0
230420,3,2,1
230428,4,2,2
230440,185,146,39
230523,2,1,1
230530,1,1,0
230540,1,1,0
230550,2,2,0
230580,2,2,0
230590,1,1,0
230630,1,1,0
230640,5,4,1
230690,1,1,0
230730,22,19,3
230760,2,2,0
230765,19,18,1
230770,3,3,0
230960,1,1,0
230970,1,0,1
231130,2,2,0
231140,1,1,0
231180,3,3,0
231200,1,1,0
231220,2,2,0
231230,1,0,1
231240,1,0,1
231270,1,1,0
231290,10,9,1
231340,2,2,0
231360,1,1,0
231380,1,1,0
240020,3,1,2
240100,1,0,1
240120,1,1,0
240140,1,1,0
240170,1,1,0
240200,2,1,1
240220,3,1,2
240230,1,0,1
240260,2,1,1
240310,1,1,0
240325,13,8,5
240420,3,2,1
240450,1,0,1
240580,3,1,2
240610,1,1,0
240710,6,4,2
240720,2,2,0
240780,1,1,0
240800,15,9,6
240810,81,58,23
240820,1,1,0
240830,3,1,2
240930,1,0,1
240940,1,1,0
240990,1,1,0
241120,2,1,1
241200,3,0,3
241220,2,1,1
241290,1,0,1
241400,1,1,0
241440,1,1,0
241450,1,0,1
250060,1,1,0
250100,1,1,0
250110,1,1,0
250150,1,1,0
250180,9,8,1
250190,2,2,0
250250,1,0,1
250300,2,1,1
250320,6,5,1
250370,3,3,0
250400,43,34,9
250460,3,3,0
250600,1,1,0
250630,14,14,0
250690,1,1,0
250700,1,1,0
250720,1,1,0
250750,130,106,24
250860,1,1,0
250890,3,2,1
250940,1,0,1
250970,3,3,0
251080,7,5,2
251120,1,1,0
251210,3,2,1
251250,2,2,0
251290,1,1,0
251370,9,6,3
251400,1,1,0
251450,1,1,0
251530,2,2,0
251620,3,3,0
260005,7,3,4
260010,3,2,1
260020,1,1,0
260030,1,1,0
260050,1,1,0
260110,6,4,2
260120,6,3,3
260140,2,2,0
260170,10,9,1
260190,2,2,0
260200,1,1,0
260210,1,0,1
260230,1,0,1
260280,1,1,0
260290,13,10,3
260310,1,1,0
260345,4,3,1
260360,1,1,0
260400,5,4,1
260410,28,12,16
260510,1,1,0
260520,2,2,0
260545,1,1,0
260600,21,16,5
260620,6,6,0
260640,3,2,1
260680,5,4,1
260720,19,16,3
260730,1,0,1
260760,1,1,0
260790,50,29,21
260880,2,1,1
260890,3,2,1
260940,1,1,0
260950,3,3,0
260960,20,9,11
260990,3,2,1
261000,2,2,0
261070,17,8,9
261090,4,2,2
261110,17,10,7
261160,251,171,80
261170,1,1,0
261180,1,1,0
261220,2,2,0
261240,1,1,0
261250,3,2,1
261260,1,1,0
261360,2,2,0
261370,4,2,2
261390,6,5,1
261410,1,1,0
261420,2,1,1
261450,3,3,0
261530,2,2,0
261540,3,3,0
261560,2,1,1
261570,1,1,0
261640,3,2,1
270030,9,5,4
270050,1,1,0
270100,2,0,2
270130,1,1,0
270170,1,1,0
270230,1,1,0
270240,1,1,0
270300,1,1,0
270430,58,48,10
270480,1,1,0
270630,2,1,1
270640,1,1,0
270670,3,3,0
270690,1,1,0
270730,2,1,1
270770,2,2,0
270800,1,1,0
270860,1,1,0
270890,1,1,0
270930,1,1,0
270940,2,2,0
280030,24,20,4
280060,1,1,0
280150,3,3,0
280210,3,1,2
280290,1,1,0
280300,1,1,0
280320,2,2,0
280350,1,1,0
280360,1,1,0
280400,2,2,0
280440,1,1,0
280450,1,1,0
280480,5,5,0
280490,1,0,1
280570,2,2,0
280610,1,1,0
280670,1,1,0
280710,3,2,1
280740,1,1,0
290070,3,2,1
290080,1,1,0
290100,1,1,0
290320,11,4,7
290390,4,4,0
290460,2,1,1
290490,1,1,0
290520,1,1,0
290570,3,2,1
290600,2,2,0
290650,4,3,1
290690,1,0,1
290730,1,1,0
290750,1,1,0
290840,1,1,0
290850,5,4,1
290910,1,1,0
290930,1,0,1
290980,2,1,1
291005,2,2,0
291060,1,1,0
291070,2,1,1
291072,15,9,6
291080,30,25,5
291110,3,0,3
291170,4,3,1
291210,1,1,0
291360,11,7,4
291390,1,1,0
291400,1,1,0
291460,4,3,1
291470,3,2,1
291480,9,6,3
291560,3,3,0
291640,2,2,0
291750,5,3,2
291760,1,1,0
291800,6,4,2
291840,6,4,2
291890,1,0,1
291920,3,1,2
291950,1,1,0
291955,1,1,0
292200,2,1,1
292250,1,1,0
292400,4,3,1
292510,1,1,0
292530,5,3,2
292620,3,0,3
292660,1,1,0
292740,176,150,26
292770,1,0,1
292860,1,1,0
292870,5,4,1
292890,3,0,3
292920,4,3,1
292930,1,1,0
292990,2,1,1
293010,2,1,1
293050,1,1,0
293070,10,9,1
293135,8,5,3
293290,2,1,1
293330,12,8,4
293360,1,1,0
310020,3,2,1
310030,1,0,1
310080,1,0,1
310110,1,1,0
310150,3,3,0
310160,7,5,2
310170,3,2,1
310190,3,3,0
310230,2,1,1
310260,9,7,2
310320,1,1,0
310340,2,2,0
310350,11,8,3
310375,2,2,0
310400,45,40,5
310420,12,11,1
310430,1,0,1
310470,1,0,1
310490,1,1,0
310510,2,2,0
310540,2,2,0
310560,15,13,2
310590,4,4,0
310600,1,1,0
310620,258,188,70
310630,4,2,2
310670,31,23,8
310690,1,1,0
310710,1,1,0
310730,6,2,4
310740,3,2,1
310800,1,1,0
310830,1,1,0
310840,1,1,0
310855,3,1,2
310860,1,1,0
310900,8,4,4
310950,1,1,0
310990,2,1,1
311000,2,1,1
311030,5,5,0
311050,1,1,0
311060,5,4,1
311070,1,1,0
311090,1,1,0
311100,2,2,0
311110,1,1,0
311120,2,1,1
311160,2,2,0
311190,1,0,1
311200,1,0,1
311230,3,2,1
311270,1,1,0
311280,1,1,0
311320,4,4,0
311330,1,1,0
311340,4,4,0
311370,2,2,0
311430,3,1,2
311440,1,1,0
311450,1,1,0
311455,1,1,0
311510,1,1,0
311530,19,12,7
311550,1,1,0
311660,2,2,0
311750,1,1,0
311770,1,1,0
311780,1,1,0
311787,5,4,1
311800,15,12,3
311820,1,1,0
311830,35,27,8
311840,1,1,0
311860,53,27,26
311880,1,1,0
311910,2,2,0
311930,2,1,1
311940,11,7,4
312020,1,0,1
312090,17,11,6
312160,11,2,9
312230,27,22,5
312320,1,1,0
312360,1,1,0
312410,3,3,0
312430,1,1,0
312470,1,0,1
312510,5,4,1
312570,2,1,1
312610,2,2,0
312710,4,3,1
312770,21,17,4
312800,3,2,1
312830,2,0,2
312840,1,1,0
312870,6,4,2
312950,1,1,0
312980,5,5,0
313010,1,1,0
313020,1,0,1
313030,1,1,0
313050,6,6,0
313090,1,1,0
313130,23,14,9
313170,15,14,1
313190,9,5,4
313210,1,1,0
313240,9,7,2
313250,1,0,1
313270,2,1,1
313300,1,1,0
313310,2,2,0
313340,1,0,1
313350,1,1,0
313370,1,0,1
313375,4,1,3
313380,14,10,4
313420,12,7,5
313440,12,12,0
313490,1,1,0
313505,6,6,0
313510,10,8,2
313520,3,2,1
313530,1,1,0
313550,1,1,0
313580,1,1,0
313620,13,11,2
313630,8,4,4
313665,1,0,1
313670,159,84,75
313690,1,0,1
313720,7,6,1
313760,2,1,1
313780,3,3,0
313820,13,11,2
313840,9,7,2
313860,1,1,0
313862,1,1,0
313880,4,3,1
313900,4,4,0
313940,4,3,1
313950,3,3,0
313960,1,1,0
313990,2,2,0
314000,5,5,0
314050,2,0,2
314070,2,1,1
314080,2,1,1
314110,8,8,0
314140,1,1,0
314180,1,1,0
314220,3,2,1
314240,1,1,0
314280,1,1,0
314290,1,1,0
314300,2,1,1
314310,1,1,0
314320,2,1,1
314330,59,36,23
314340,1,1,0
314350,1,1,0
314390,8,8,0
314410,2,2,0
314430,4,2,2
314470,2,2,0
314480,9,6,3
314505,1,1,0
314520,3,3,0
314560,2,2,0
314590,20,15,5
314600,3,3,0
314610,8,6,2
314640,1,0,1
314700,7,4,3
314710,13,13,0
314720,2,2,0
314730,2,1,1
314740,3,2,1
314760,2,2,0
314790,21,15,6
314800,47,34,13
314810,16,10,6
314830,1,0,1
314890,2,2,0
314930,11,6,5
314990,1,1,0
315070,1,1,0
315110,3,3,0
315120,5,4,1
315140,5,4,1
315150,1,1,0
315170,1,1,0
315180,41,35,6
315200,3,2,1
315210,9,7,2
315220,5,5,0
315250,40,28,12
315260,1,1,0
315280,5,5,0
315290,1,1,0
315340,2,1,1
315400,7,1,6
315460,1,0,1
315490,1,1,0
315580,1,1,0
315670,4,4,0
315690,4,4,0
315700,6,6,0
315710,1,1,0
315720,5,4,1
315770,1,0,1
315780,10,9,1
315880,1,1,0
315960,19,7,12
315980,1,1,0
316040,4,4,0
316070,4,4,0
316110,2,2,0
316180,3,0,3
316190,2,2,0
316200,3,3,0
316210,1,1,0
316250,18,16,2
316290,5,4,1
316310,1,0,1
316370,5,5,0
316430,1,1,0
316470,3,3,0
316553,1,0,1
316720,31,16,15
316800,1,0,1
316860,10,7,3
316870,9,6,3
316880,1,0,1
316930,8,7,1
316935,3,2,1
316940,4,4,0
316960,1,1,0
316970,1,0,1
316990,11,10,1
317010,44,39,5
317020,69,49,20
317040,4,4,0
317050,1,1,0
317070,39,31,8
317080,7,6,1
317100,2,1,1
317103,1,1,0
317120,7,4,3
317130,13,12,1
317170,1,1,0
317200,6,4,2
320010,3,3,0
320020,1,1,0
320040,3,3,0
320060,5,4,1
320080,2,1,1
320090,2,2,0
320120,8,6,2
320130,16,14,2
320140,1,1,0
320150,10,8,2
320160,1,1,0
320190,1,1,0
320220,1,1,0
320230,1,1,0
320240,2,2,0
320260,1,1,0
320270,1,1,0
320280,1,0,1
320300,1,1,0
320313,1,1,0
320320,6,4,2
320332,1,1,0
320340,1,1,0
320350,1,1,0
320380,1,1,0
320390,2,2,0
320410,1,1,0
320460,1,1,0
320470,1,1,0
320480,1,1,0
320490,7,5,2
320495,1,1,0
320500,29,24,5
320506,2,2,0
320510,5,2,3
320520,24,16,8
320530,72,59,13
330010,4,1,3
330020,3,3,0
330025,2,0,2
330030,8,5,3
330040,18,16,2
330045,9,8,1
330050,2,2,0
330060,1,1,0
330070,8,5,3
330080,2,2,0
330100,53,22,31
330110,2,1,1
330120,1,1,0
330140,3,3,0
330150,2,1,1
330170,23,16,7
330190,3,2,1
330200,5,4,1
330210,1,1,0
330220,8,6,2
330225,5,5,0
330240,46,26,20
330250,4,2,2
330260,1,1,0
330270,2,1,1
330280,1,1,0
330290,1,1,0
330300,1,1,0
330310,1,1,0
330320,5,5,0
330330,40,33,7
330340,16,16,0
330350,28,25,3
330360,1,1,0
330370,12,8,4
330380,1,1,0
330390,33,30,3
330400,2,1,1
330410,1,1,0
330411,1,0,1
330414,2,1,1
330420,20,11,9
330430,3,3,0
330440,1,1,0
330452,2,1,1
330455,768,648,120
330470,1,1,0
330475,1,1,0
330480,1,1,0
330490,22,20,2
330500,2,2,0
330510,7,5,2
330520,4,3,1
330540,2,2,0
330550,1,1,0
330555,2,1,1
330575,1,1,0
330580,20,17,3
330600,20,13,7
330610,8,6,2
330620,1,1,0
330630,40,19,21
350010,15,13,2
350050,2,1,1
350055,1,0,1
350060,1,1,0
350070,4,3,1
350075,1,1,0
350100,4,3,1
350115,1,1,0
350160,34,21,13
350170,1,1,0
350180,1,1,0
350190,8,5,3
350210,9,9,0
350230,1,1,0
350250,1,1,0
350275,1,1,0
350280,24,16,8
350320,28,19,9
350330,24,14,10
350360,1,0,1
350370,4,4,0
350380,2,2,0
350390,9,6,3
350395,1,1,0
350400,9,9,0
350410,16,8,8
350420,1,1,0
350440,1,1,0
350450,7,5,2
350460,1,0,1
350480,1,1,0
350490,1,1,0
350520,12,8,4
350530,4,3,1
350540,1,0,1
350550,11,7,4
350560,1,0,1
350570,40,29,11
350580,4,3,1
350590,3,2,1
350600,50,33,17
350610,8,6,2
350620,1,1,0
350630,2,2,0
350635,2,2,0
350640,2,0,2
350650,29,15,14
350660,2,2,0
350670,1,0,1
350680,2,2,0
350700,10,6,4
350710,1,1,0
350720,1,0,1
350730,5,2,3
350740,1,1,0
350750,14,9,5
350760,6,5,1
350770,1,0,1
350775,2,2,0
350780,1,1,0
350790,11,7,4
350810,1,1,0
350820,2,1,1
350840,34,23,11
350850,9,6,3
350860,2,2,0
350880,2,1,1
350900,2,2,0
350920,7,6,1
350925,2,1,1
350940,2,1,1
350950,137,77,60
350960,7,4,3
350970,3,3,0
350990,1,1,0
351000,6,6,0
351020,2,2,0
351030,2,2,0
351040,45,10,35
351050,3,1,2
351060,5,5,0
351080,2,2,0
351100,3,2,1
351110,15,13,2
351130,1,1,0
351140,2,1,1
351150,51,12,39
351170,4,1,3
351190,2,2,0
351200,4,4,0
351210,3,3,0
351220,1,0,1
351230,15,9,6
351240,4,4,0
351280,4,4,0
351300,13,11,2
351310,4,2,2
351340,3,3,0
351350,25,13,12
351370,3,2,1
351380,48,44,4
351410,15,11,4
351430,1,0,1
351440,18,16,2
351450,1,0,1
351460,3,3,0
351480,1,1,0
351490,1,0,1
351500,8,6,2
351510,1,1,0
351518,10,7,3
351540,9,9,0
351550,8,5,3
351565,2,2,0
351570,27,25,2
351600,1,1,0
351620,35,23,12
351630,1,1,0
351640,1,1,0
351650,1,1,0
351670,4,3,1
351740,4,3,1
351750,2,2,0
351790,1,0,1
351820,4,3,1
351840,11,5,6
351850,1,1,0
351860,7,6,1
351870,18,12,6
351880,167,127,40
351885,1,1,0
351905,3,0,3
351907,13,8,5
351910,2,1,1
351930,1,0,1
351940,1,0,1
351960,27,25,2
351970,2,2,0
351980,1,1,0
352010,11,1,10
352030,3,3,0
352040,2,2,0
352050,22,16,6
352060,2,2,0
352080,1,0,1
352090,2,1,1
352100,4,3,1
352130,3,3,0
352140,5,2,3
352180,5,3,2
352200,1,1,0
352210,4,3,1
352220,6,4,2
352230,12,5,7
352240,10,10,0
352250,4,4,0
352260,15,7,8
352270,4,4,0
352290,5,3,2
352310,19,12,7
352320,3,3,0
352330,2,1,1
352340,15,11,4
352360,1,0,1
352390,51,23,28
352400,9,4,5
352410,3,1,2
352430,11,5,6
352440,9,8,1
352450,8,8,0
352460,4,2,2
352470,6,3,3
352480,5,5,0
352500,2,2,0
352510,3,1,2
352520,1,1,0
352530,113,84,29
352550,9,8,1
352570,10,4,6
352590,69,46,23
352600,7,4,3
352640,16,14,2
352660,1,1,0
352670,24,15,9
352680,18,4,14
352690,29,19,10
352710,6,4,2
352720,9,9,0
352730,4,3,1
352740,7,7,0
352760,5,4,1
352800,3,0,3
352840,1,1,0
352850,3,3,0
352860,1,1,0
352870,2,2,0
352880,1,1,0
352885,1,0,1
352900,32,24,8
352920,1,1,0
352930,27,17,10
352940,60,36,24
352950,1,1,0
352960,1,1,0
352970,1,0,1
352980,3,2,1
352990,1,1,0
353010,1,1,0
353020,1,1,0
353030,8,5,3
353050,18,11,7
353060,27,20,7
353070,45,36,9
353080,39,32,7
353100,2,2,0
353110,2,2,0
353130,3,2,1
353140,5,3,2
353150,1,1,0
353180,5,4,1
353190,4,3,1
353200,1,1,0
353220,1,1,0
353240,1,1,0
353250,2,0,2
353270,2,2,0
353280,1,1,0
353282,1,0,1
353290,2,2,0
353300,5,4,1
353320,1,1,0
353340,12,4,8
353350,4,3,1
353360,4,0,4
353370,1,0,1
353390,9,4,5
353400,3,3,0
353430,3,2,1
353440,40,34,6
353460,5,4,1
353470,12,10,2
353475,1,0,1
353490,3,3,0
353500,5,4,1
353530,1,1,0
353540,9,5,4
353550,4,3,1
353560,2,1,1
353570,1,1,0
353580,1,0,1
353600,2,2,0
353610,9,9,0
353620,1,1,0
353630,2,1,1
353640,2,1,1
353650,20,14,6
353670,5,3,2
353700,1,0,1
353710,2,2,0
353720,2,2,0
353730,7,4,3
353740,2,1,1
353750,1,0,1
353760,3,1,2
353770,3,1,2
353780,2,2,0
353800,5,3,2
353810,1,1,0
353850,4,4,0
353860,3,2,1
353870,121,53,68
353880,2,1,1
353900,2,2,0
353920,2,2,0
353930,10,6,4
353950,6,3,3
353960,2,0,2
353970,1,1,0
353980,7,5,2
354000,15,14,1
354020,2,0,2
354030,1,1,0
354060,10,4,6
354070,17,17,0
354080,1,0,1
354090,2,2,0
354100,9,7,2
354105,2,0,2
354110,2,0,2
354130,7,2,5
354140,27,21,6
354150,7,6,1
354160,8,6,2
354180,1,1,0
354190,1,1,0
354200,2,2,0
354210,5,1,4
354220,4,3,1
354240,3,2,1
354260,15,10,5
354325,2,2,0
354330,15,13,2
354340,77,42,35
354380,1,1,0
354390,17,16,1
354400,15,11,4
354410,1,1,0
354490,1,1,0
354515,4,0,4
354520,15,12,3
354530,2,2,0
354550,1,1,0
354560,2,1,1
354570,2,2,0
354580,36,34,2
354630,2,1,1
354640,16,15,1
354650,1,1,0
354660,2,2,0
354670,3,3,0
354680,6,4,2
354730,6,5,1
354750,3,2,1
354760,4,3,1
354765,1,1,0
354770,3,3,0
354780,153,115,38
354800,2,1,1
354805,2,1,1
354850,114,81,33
354860,1,1,0
354870,152,129,23
354880,43,36,7
354890,46,40,6
354910,15,9,6
354940,6,2,4
354970,6,5,1
354980,102,80,22
354990,40,30,10
355010,5,2,3
355030,906,731,175
355040,4,1,3
355050,5,4,1
355060,2,2,0
355070,5,5,0
355090,4,3,1
355100,10,10,0
355150,4,1,3
355160,1,1,0
355170,31,26,5
355190,1,1,0
355210,2,1,1
355220,95,75,20
355230,1,1,0
355240,19,12,7
355250,76,68,8
355255,1,1,0
355270,1,1,0
355280,11,8,3
355300,8,8,0
355330,1,1,0
355340,3,3,0
355370,6,5,1
355380,1,0,1
355400,9,6,3
355410,13,11,2
355430,2,0,2
355450,44,9,35
355470,4,4,0
355480,1,1,0
355500,7,4,3
355510,2,2,0
355535,1,1,0
355540,3,3,0
355600,2,2,0
355610,1,1,0
355620,12,10,2
355630,4,2,2
355640,1,1,0
355645,1,1,0
355650,8,6,2
355670,22,16,6
355690,2,2,0
355700,6,6,0
355710,9,5,4
355720,3,3,0
355730,2,1,1
410040,1,1,0
410045,1,1,0
410050,3,2,1
410080,2,2,0
410120,2,2,0
410140,23,18,5
410150,18,16,2
410160,2,2,0
410170,2,2,0
410180,30,20,10
410190,2,1,1
410200,4,4,0
410210,5,5,0
410220,1,0,1
410230,2,2,0
410240,4,4,0
410250,1,0,1
410280,1,1,0
410300,1,1,0
410304,1,1,0
410320,1,1,0
410330,1,1,0
410335,1,1,0
410337,1,1,0
410345,8,8,0
410360,1,1,0
410370,13,12,1
410380,1,1,0
410400,2,1,1
410405,1,1,0
410420,11,7,4
410425,1,1,0
410430,26,5,21
410440,1,1,0
410442,2,2,0
410445,1,1,0
410450,1,1,0
410460,1,1,0
410465,7,4,3
410480,76,65,11
410490,11,11,0
410500,1,1,0
410530,8,2,6
410540,1,1,0
410550,15,11,4
410560,1,1,0
410580,20,18,2
410590,1,1,0
410630,2,2,0
410640,3,2,1
410645,1,1,0
410650,2,2,0
410655,1,0,1
410660,3,1,2
410685,2,2,0
410690,336,262,74
410715,3,3,0
410720,2,2,0
410725,1,0,1
410730,1,0,1
410750,3,1,2
410754,1,1,0
410755,1,0,1
410760,4,4,0
410765,1,1,0
410770,1,0,1
410780,1,0,1
410790,2,1,1
410820,2,2,0
410830,18,16,2
410840,7,5,2
410860,8,7,1
410880,4,4,0
410920,1,0,1
410940,31,16,15
410965,1,1,0
410970,3,3,0
410980,5,5,0
410990,1,0,1
411010,1,1,0
411050,1,1,0
411060,2,1,1
411070,6,4,2
411080,1,1,0
411095,5,5,0
411110,1,1,0
411140,1,1,0
411150,4,3,1
411155,1,1,0
411160,1,0,1
411180,10,9,1
411190,1,1,0
411200,3,2,1
411210,3,3,0
411220,1,1,0
411240,1,0,1
411250,2,2,0
411270,1,1,0
411275,4,4,0
411295,3,3,0
411300,2,1,1
411310,1,1,0
411320,1,1,0
411330,1,1,0
411345,1,1,0
411350,1,1,0
411370,128,110,18
411373,3,0,3
411375,1,1,0
411400,5,5,0
411410,1,0,1
411420,9,9,0
411440,5,5,0
411450,2,2,0
411460,12,9,3
411480,7,7,0
411490,2,2,0
411520,55,35,20
411535,2,2,0
411550,1,1,0
411560,5,4,1
411570,1,1,0
411580,13,9,4
411605,5,5,0
411610,1,1,0
411620,1,1,0
411660,1,1,0
411670,8,8,0
411690,4,1,3
411710,2,2,0
411720,1,1,0
411722,2,2,0
411727,1,0,1
411730,1,1,0
411745,1,1,0
411750,3,2,1
411760,3,2,1
411770,4,2,2
411780,1,0,1
411790,5,5,0
411800,1,0,1
411810,2,1,1
411820,26,21,5
411840,10,6,4
411850,8,7,1
411880,1,1,0
411885,1,1,0
411910,4,0,4
411915,9,5,4
411930,1,1,0
411940,6,4,2
411950,1,1,0
411960,3,3,0
411990,54,45,9
412000,3,2,1
412040,2,1,1
412050,1,1,0
412060,1,1,0
412065,2,2,0
412080,4,4,0
412090,4,4,0
412110,1,0,1
412125,2,2,0
412140,2,2,0
412180,1,1,0
412217,1,1,0
412230,5,5,0
412240,12,8,4
412250,1,1,0
412265,1,1,0
412340,3,3,0
412350,12,2,10
412382,3,3,0
412402,1,1,0
412405,4,4,0
412410,5,4,1
412440,1,0,1
412480,6,0,6
412500,2,0,2
412530,1,0,1
412550,57,48,9
412560,2,2,0
412570,12,12,0
412575,2,2,0
412580,2,2,0
412600,1,1,0
412625,2,2,0
412630,1,1,0
412635,4,4,0
412650,1,1,0
412660,1,1,0
412680,2,2,0
412690,1,0,1
412710,4,4,0
412720,1,0,1
412730,1,1,0
412740,2,2,0
412750,3,3,0
412770,19,12,7
412790,2,1,1
412795,3,3,0
412796,2,2,0
412800,7,7,0
412810,20,9,11
412820,2,2,0
412850,1,1,0
412853,1,1,0
412855,2,2,0
412870,2,2,0
420010,3,3,0
420020,1,1,0
420030,3,3,0
420040,1,1,0
420070,1,1,0
420080,2,2,0
420100,1,1,0
420120,2,2,0
420125,3,2,1
420130,1,1,0
420140,37,37,0
420150,1,1,0
420160,1,1,0
420170,1,1,0
420180,1,1,0
420190,1,1,0
420200,7,7,0
420205,1,1,0
420210,2,1,1
420213,2,2,0
420220,1,1,0
420230,5,2,3
420240,32,29,3
420250,2,2,0
420253,2,2,0
420260,4,3,1
420270,1,1,0
420280,3,3,0
420290,7,7,0
420300,9,8,1
420310,1,1,0
420315,1,1,0
420320,9,7,2
420325,1,1,0
420340,2,2,0
420350,3,3,0
420360,4,4,0
420380,25,19,6
420390,9,4,5
420395,3,3,0
420400,8,8,0
420410,1,1,0
420415,1,1,0
420420,63,46,17
420430,12,9,3
420435,1,0,1
420440,3,1,2
420445,1,1,0
420450,2,2,0
420455,1,1,0
420460,27,22,5
420470,1,1,0
420480,3,3,0
420490,1,1,0
420500,3,3,0
420510,2,2,0
420515,1,1,0
420517,1,1,0
420520,1,1,0
420530,4,4,0
420540,122,104,18
420545,2,2,0
420550,7,6,1
420560,1,1,0
420570,1,1,0
420580,1,1,0
420590,4,4,0
420630,1,1,0
420640,2,2,0
420650,2,2,0
420660,3,3,0
420665,2,2,0
420670,7,2,5
420675,1,1,0
420680,1,1,0
420690,8,7,1
420700,4,3,1
420710,1,1,0
420730,7,6,1
420740,2,2,0
420750,4,3,1
420757,1,1,0
420765,1,1,0
420768,2,2,0
420770,1,1,0
420775,1,1,0
420780,3,3,0
420790,3,3,0
420800,3,3,0
420810,5,4,1
420820,47,41,6
420830,3,3,0
420840,5,5,0
420845,2,1,1
420850,4,4,0
420860,1,1,0
420870,5,5,0
420880,1,1,0
420890,31,31,0
420900,11,11,0
420910,131,116,15
420920,1,1,0
420930,19,19,0
420940,3,3,0
420945,1,1,0
420950,1,1,0
420960,2,2,0
420970,2,1,1
420980,1,1,0
420985,2,2,0
420990,2,2,0
421000,1,1,0
421003,2,2,0
421010,11,11,0
421020,1,1,0
421030,2,2,0
421040,2,2,0
421050,3,2,1
421055,2,2,0
421060,2,2,0
421090,1,1,0
421100,3,3,0
421105,3,3,0
421110,1,1,0
421120,29,27,2
421130,7,6,1
421140,3,1,2
421145,1,1,0
421160,1,1,0
421165,1,1,0
421170,1,1,0
421175,2,2,0
421185,1,1,0
421187,1,0,1
421189,1,1,0
421190,11,9,2
421200,8,5,3
421205,1,1,0
421210,4,2,2
421220,3,2,1
421223,1,1,0
421225,1,1,0
421250,5,5,0
421260,2,2,0
421270,3,3,0
421280,1,1,0
421290,4,4,0
421300,3,2,1
421310,5,5,0
421320,12,11,1
421330,1,1,0
421335,1,1,0
421340,1,1,0
421360,7,4,3
421370,4,4,0
421390,1,1,0
421400,4,3,1
421420,2,2,0
421430,1,1,0
421440,2,2,0
421450,1,1,0
421460,4,4,0
421470,2,2,0
421480,17,16,1
421490,1,1,0
421500,3,2,1
421507,1,1,0
421510,1,1,0
421520,3,3,0
421530,2,2,0
421540,5,5,0
421550,1,1,0
421560,1,1,0
421570,1,1,0
421575,1,1,0
421580,23,20,3
421590,1,1,0
421600,3,1,2
421605,3,3,0
421610,3,3,0
421620,15,15,0
421630,2,2,0
421640,1,1,0
421650,2,2,0
421660,31,23,8
421670,4,4,0
421680,1,1,0
421690,14,14,0
421710,1,1,0
421720,14,12,2
421730,3,3,0
421740,2,2,0
421750,5,5,0
421760,3,3,0
421770,1,1,0
421780,3,3,0
421790,2,1,1
421800,3,3,0
421820,18,12,6
421825,1,1,0
421830,5,4,1
421840,2,2,0
421850,3,1,2
421860,1,1,0
421870,19,17,2
421880,9,9,0
421890,1,1,0
421895,1,0,1
421900,5,5,0
421910,1,1,0
421917,2,2,0
421920,1,1,0
421930,39,27,12
421935,1,1,0
421940,1,1,0
421950,21,20,1
421970,8,8,0
430010,1,1,0
430020,2,0,2
430040,6,3,3
430060,2,1,1
430080,2,2,0
430090,1,0,1
430100,9,7,2
430140,1,1,0
430150,2,0,2
430160,7,6,1
430210,13,10,3
430250,2,2,0
430270,4,3,1
430280,1,1,0
430300,7,5,2
430310,7,5,2
430330,2,2,0
430350,4,3,1
430360,1,1,0
430380,1,1,0
430390,2,2,0
430420,2,1,1
430440,4,2,2
430450,2,1,1
430460,30,20,10
430463,2,1,1
430466,2,0,2
430470,8,5,3
430480,3,3,0
430490,2,2,0
430510,59,48,11
430520,1,1,0
430535,1,1,0
430540,2,0,2
430580,1,1,0
430587,1,0,1
430590,2,0,2
430600,2,1,1
430605,1,0,1
430610,4,2,2
430620,2,2,0
430635,1,0,1
430640,1,1,0
430660,2,1,1
430673,1,0,1
430676,1,1,0
430680,7,6,1
430690,1,1,0
430693,3,3,0
430700,26,9,17
430750,1,1,0
430760,2,1,1
430770,13,11,2
430780,10,8,2
430790,11,9,2
430800,1,1,0
430807,1,1,0
430810,1,1,0
430820,4,3,1
430830,1,0,1
430850,2,1,1
430860,2,2,0
430870,3,1,2
430880,1,0,1
430890,1,1,0
430900,1,1,0
430905,1,1,0
430910,2,2,0
430920,20,17,3
430930,11,5,6
430940,1,1,0
430950,2,2,0
430955,2,0,2
430960,1,1,0
430980,1,1,0
430990,2,2,0
431000,1,1,0
431010,2,1,1
431020,12,3,9
431040,2,0,2
431041,1,1,0
431060,1,1,0
431080,1,1,0
431100,1,1,0
431110,1,1,0
431115,2,0,2
431120,2,1,1
431130,1,1,0
431140,17,15,2
431180,20,10,10
431217,1,1,0
431225,1,1,0
431240,11,8,3
431260,1,1,0
431265,1,1,0
431280,1,0,1
431290,4,2,2
431303,7,7,0
431320,7,7,0
431330,1,1,0
431333,1,0,1
431340,19,14,5
431350,2,1,1
431370,1,1,0
431390,1,1,0
431405,2,1,1
431410,20,11,9
431413,2,2,0
431440,22,17,5
431455,1,1,0
431480,2,2,0
431490,142,112,30
431505,2,2,0
431530,1,1,0
431550,1,1,0
431560,24,15,9
431570,2,2,0
431580,1,1,0
431600,2,2,0
431640,2,1,1
431650,1,0,1
431660,2,2,0
431680,11,10,1
431690,17,13,4
431710,9,9,0
431720,5,4,1
431730,1,1,0
431740,1,1,0
431750,20,19,1
431760,1,1,0
431770,3,2,1
431780,4,1,3
431790,2,1,1
431800,4,4,0
431820,1,1,0
431830,4,3,1
431840,2,1,1
431861,2,0,2
431870,16,13,3
431880,1,1,0
431890,16,3,13
431900,4,3,1
431915,1,1,0
431920,1,1,0
431937,2,2,0
431940,1,1,0
431950,4,1,3
431960,1,1,0
431990,4,3,1
432000,6,4,2
432010,2,1,1
432040,10,7,3
432055,1,1,0
432070,1,1,0
432080,1,1,0
432090,9,5,4
432110,1,1,0
432120,5,4,1
432130,4,3,1
432140,4,0,4
432145,11,2,9
432150,4,3,1
432160,4,3,1
432170,1,1,0
432180,3,1,2
432190,2,2,0
432200,8,7,1
432210,1,0,1
432220,1,1,0
432240,18,15,3
432250,6,5,1
432260,5,4,1
432270,1,1,0
432280,2,1,1
432290,1,1,0
432300,4,1,3
500020,2,2,0
500060,3,1,2
500090,2,1,1
500100,2,2,0
500110,3,2,1
500124,5,1,4
500220,2,2,0
500230,1,1,0
500240,1,0,1
500260,1,1,0
500270,76,64,12
500290,2,1,1
500295,1,1,0
500320,12,10,2
500330,5,4,1
500370,26,18,8
500375,2,2,0
500380,3,3,0
500400,2,1,1
500430,1,0,1
500450,3,2,1
500460,1,0,1
500470,2,2,0
500500,2,2,0
500540,6,4,2
500560,1,1,0
500570,3,3,0
500600,1,0,1
500620,4,4,0
500630,5,5,0
500660,9,5,4
500690,1,1,0
500710,1,0,1
500720,5,4,1
500740,2,2,0
500769,4,4,0
500770,1,0,1
500790,4,2,2
500793,1,0,1
500800,1,1,0
500830,14,10,4
510020,4,4,0
510025,3,3,0
510030,5,5,0
510035,1,0,1
510040,3,3,0
510125,1,1,0
510170,3,3,0
510180,6,6,0
510250,13,13,0
510263,2,0,2
510267,2,2,0
510270,2,1,1
510300,1,0,1
510305,1,1,0
510320,1,1,0
510340,60,47,13
510350,1,1,0
510360,1,0,1
510370,1,0,1
510480,2,2,0
510490,1,1,0
510515,2,2,0
510525,4,3,1
510558,2,2,0
510562,2,2,0
510590,4,4,0
510600,1,1,0
510622,5,5,0
510623,2,2,0
510637,1,0,1
510675,2,2,0
510682,2,2,0
510700,1,1,0
510704,7,6,1
510706,1,0,1
510710,1,1,0
510730,1,1,0
510760,28,17,11
510770,2,2,0
510790,14,13,1
510792,6,5,1
510795,7,3,4
510840,11,9,2
520013,2,2,0
520025,1,1,0
520030,1,1,0
520110,39,30,9
520140,11,9,2
520320,2,1,1
520330,1,1,0
520350,1,1,0
520425,1,0,1
520450,3,3,0
520480,1,1,0
520485,1,0,1
520505,1,1,0
520510,9,6,3
520540,3,2,1
520620,3,3,0
520640,2,2,0
520800,4,3,1
520860,2,2,0
520870,139,114,25
520880,1,0,1
520890,1,1,0
520910,2,1,1
521000,1,1,0
521010,2,2,0
521020,2,2,0
521040,1,1,0
521090,1,1,0
521120,1,1,0
521150,17,13,4
521170,2,2,0
521180,1,1,0
521190,3,3,0
521220,1,1,0
521250,6,6,0
521308,2,2,0
521310,2,2,0
521380,1,1,0
521440,1,1,0
521450,2,2,0
521460,8,7,1
521523,1,1,0
521550,1,0,1
521570,1,1,0
521710,1,1,0
521720,1,1,0
521730,1,1,0
521740,1,1,0
521800,2,2,0
521850,4,2,2
521860,1,1,0
521880,12,8,4
521930,6,5,1
521973,1,0,1
522010,1,1,0
522020,1,1,0
522040,1,1,0
522045,1,1,0
522060,2,2,0
522140,7,1,6
522160,1,1,0
522185,1,1,0
530010,426,237,189
