layer_def,formal_def,layer_id,formal_layer,frac_ge2_layers,mean_conn,var_total,var_within,var_between,pct_within,pct_between,wsd_mean,wsd_median,frac_wsd_zero
edu,Education (tertile),0_no_hs,Less than high school,0.953765,0.009510,0.003745,0.001818,0.001927,48.547999,51.452001,0.017096,0.005320,0.319449
edu,Education (tertile),1_hs,High school diploma,0.953765,0.013645,0.003745,0.001818,0.001927,48.547999,51.452001,0.017096,0.005320,0.319449
edu,Education (tertile),2_higher,Higher education,0.953765,0.022173,0.003745,0.001818,0.001927,48.547999,51.452001,0.017096,0.005320,0.319449
edu2,Education (binary),no_hs,Less than high school,0.889418,0.009510,0.001680,0.000489,0.001191,29.101159,70.898841,0.010201,0.002196,0.417738
edu2,Education (binary),has_hs,High school or above,0.889418,0.014779,0.001680,0.000489,0.001191,29.101159,70.898841,0.010201,0.002196,0.417738
gender,Gender,female,Female,0.897283,0.010301,0.002505,0.000842,0.001663,33.608511,66.391489,0.011180,0.002255,0.414874
gender,Gender,male,Male,0.897283,0.014922,0.002505,0.000842,0.001663,33.608511,66.391489,0.011180,0.002255,0.414874
race,Race,nonwhite,Non-white,0.843184,0.016188,0.003817,0.001510,0.002307,39.570788,60.429212,0.012950,0.002009,0.414358
race,Race,white,White,0.843184,0.012716,0.003817,0.001510,0.002307,39.570788,60.429212,0.012950,0.002009,0.414358
